{
    "species": {
        "*": {
            "potential_energy": -1292.168238590178,
            "free_energy": {
                "573.15": -1292.361853640202
            }
        },
        "H2_g": {
            "potential_energy": -6.9326567994551,
            "free_energy": {
                "573.15": -7.1326567994551
            }
        },
        "hexane_g": {
            "potential_energy": -103.5015842831070,
            "free_energy": {
                "573.15": -103.8015842831070
            }
        },
        "1hexene_g": {
            "potential_energy": -95.6059615759302,
            "free_energy": {
                "573.15": -95.9059615759302
            }
        },
        "cis2hexene_g": {
            "potential_energy": -95.6404578114573,
            "free_energy": {
                "573.15": -95.9404578114573
            }
        },
        "trans2hexene_g": {
            "potential_energy": -95.6674806718782,
            "free_energy": {
                "573.15": -95.9674806718782
            }
        },
        "1propene_g": {
            "potential_energy": -47.4947258329269,
            "free_energy": {
                "573.15": -47.7947258329269
            }
        },
        "propane_g": {
            "potential_energy": -55.4162216720417,
            "free_energy": {
                "573.15": -55.7162216720417
            }
        },
        "I000": {
            "potential_energy": -1298.8101233340908,
            "free_energy": {
                "573.15": -1299.2534256752565
            }
        },
        "I006": {
            "potential_energy": -1339.7280757429164,
            "free_energy": {
                "573.15": -1340.4714179906114
            }
        },
        "I011": {
            "potential_energy": -1394.6642737814936,
            "free_energy": {
                "573.15": -1395.833451490121
            }
        },
        "I014": {
            "potential_energy": -1346.9454556404808,
            "free_energy": {
                "573.15": -1347.7960791476587
            }
        },
        "I003": {
            "potential_energy": -1387.6175450896055,
            "free_energy": {
                "573.15": -1388.8835418004974
            }
        },
        "I002": {
            "potential_energy": -1387.4072511338316,
            "free_energy": {
                "573.15": -1388.6488451579298
            }
        },
        "I015": {
            "potential_energy": -1346.7829392860413,
            "free_energy": {
                "573.15": -1347.5631747148007
            }
        },
        "I001": {
            "potential_energy": -1394.652331881504,
            "free_energy": {
                "573.15": -1396.0033126526746
            }
        },
        "I010": {
            "potential_energy": -1299.0950213745857,
            "free_energy": {
                "573.15": -1299.4121231841464
            }
        },
        "I008": {
            "potential_energy": -1346.9965235763736,
            "free_energy": {
                "573.15": -1347.8910476118585
            }
        },
        "I004": {
            "potential_energy": -1387.467038118114,
            "free_energy": {
                "573.15": -1388.6225664795077
            }
        },
        "I012": {
            "potential_energy": -1394.3408630724093,
            "free_energy": {
                "573.15": -1395.6060482888251
            }
        }
    },
    "transition_states": {
        "r19": {
            "potential_energy": -1346.117383287899,
            "free_energy": {
                "573.15": -1346.9675591688185
            }
        },
        "r13": {
            "potential_energy": -1393.6625510897418,
            "free_energy": {
                "573.15": -1394.8187342440958
            }
        },
        "r14": {
            "potential_energy": -1393.3928295454702,
            "free_energy": {
                "573.15": -1394.5849835490064
            }
        },
        "r20": {
            "potential_energy": -1345.6551924625662,
            "free_energy": {
                "573.15": -1346.4049418174031
            }
        },
        "r11": {
            "potential_energy": -1393.6815272060724,
            "free_energy": {
                "573.15": -1394.722347051743
            }
        },
        "r12": {
            "potential_energy": -1400.164421475513,
            "free_energy": {
                "573.15": -1401.341108274215
            }
        },
        "r17": {
            "potential_energy": -1393.174232499635,
            "free_energy": {
                "573.15": -1394.341030024127
            }
        },
        "r15": {
            "potential_energy": -1393.5791584969775,
            "free_energy": {
                "573.15": -1394.668706987782
            }
        },
        "r18": {
            "potential_energy": -1346.1797752655127,
            "free_energy": {
                "573.15": -1346.9454288437316
            }
        },
        "r8": {
            "potential_energy": -1298.3960023345471,
            "free_energy": {
                "573.15": -1298.6563968355558
            }
        },
        "r21": {
            "potential_energy": -1345.7154616967116,
            "free_energy": {
                "573.15": -1346.4385768591376
            }
        },
        "r16": {
            "potential_energy": -1393.1706630327628,
            "free_energy": {
                "573.15": -1394.3286700916133
            }
        },
        "r9": {
            "potential_energy": -1393.9093325942442,
            "free_energy": {
                "573.15": -1395.0733726119572
            }
        },
        "r10": {
            "potential_energy": -1400.6287185914805,
            "free_energy": {
                "573.15": -1401.868280821047
            }
        }
    }
}